<?xml version="1.0" encoding="ISO-8859-15"?>
<uc-export clientvers="12.0.0+low.build.9831">
<DOCU name="PCK.AUTOMIC_KUBERNETES.PUB.DOC">
<HEADER state="1">
<Title>Package documentation</Title>
<ArchiveKey1/>
<ArchiveKey2/>
<OH_SubType/>
</HEADER>
<DOCU_Docu state="1" type="text">
<DOC><![CDATA[About the Package
================================
Kubernetes is an open-source system for managing containerized applications. It groups containers that make up an application into logical units for easy management and discovery.
With this package, you can manage the resources on Kubernetes such as create/delete/upgrade where resource can pod/deployment or service etc.


=Supported versions=
1.9.0

=Setup=
* Supports Windows and UNIX Agent.
* Oracle JRE 1.7 must be installed on Agent OS and "java" must be set as executable on the same.
* Kubectl should be installed on agent OS and must be set as executable.
* The Agent should be able to access Kubernetes Server URL.
* To connect with Kubernetes environment,  either you can configure kubeconfig file on agent machine or specify server URL along with needed authentication.


=Variables=
(none)

=Common Input=
-Server URL:                                      Specify address and port of the Kubernetes server E.g. https://192.168.41.155:6443
-Username:                                         Specify the username for basic authentication to the API serverE.g. Admin
-Password:                                          Specify password for basic authentication to the API server
-Kube Config Path:                             Specify the path to the kubeconfig file to use for CLI requests. E.g. /home/username/.kube/config
-Kube Config Context:                         Specify the name of the kubeconfig context to use. E.g. minikube
-Cluster:                                               Specify the name of the kubeconfig cluster to use. E.g. kubernetes
-Namespace:                                       Specify the name of the namespace to use. E.g. kubernetes
-Skip TLS Verification:                         If Yes, the server's certificate will not be checked for validity. E.g. Yes, No
-Certificate Authority:                        Specify the path to a client certificate file for the certificate authority. E.g. /home/username/kubernetes/ca.cert
-Client Certificate:                              Specify the path to a client certificate file for TLS. E.g. /home/username/kubernetes/client.crt
-Client Key:                                        Specify the path to a client key file for TLS. E.g. /home/username/kubernetes/client.key

=Actions=
Following actions are supported.

* Action Name: PCK.AUTOMIC_KUBERNETES.PUB.ACTION.APPLY
* Action Description: This action applies configuration changes to a resource.

* Action Name: PCK.AUTOMIC_KUBERNETES.PUB.ACTION.DELETE_RESOURCE
* Action Description:  This action deletes the resource in Kubernetes.

* Action name:  PCK.AUTOMIC_KUBERNETES.PUB.ACTION.CREATE_RESOURCE
* Action Description: This action creates resource(s) in Kubernetes.

* Action Name:  PCK.AUTOMIC_KUBERNETES.PUB.ACTION.GET_RESOURCE
* Action description: This action will fetch resource(s) in Kubernetes according to type and filters.]]></DOC>
</DOCU_Docu>
</DOCU>
</uc-export>